genero,semana,fase,pool,local,data,time_mandante,time_visitante,placar_sets,set1,set2,set3,set4,set5,status,horario_local,fuso_horario,horario_brasilia,link
Feminino,Semana 1,Fase Preliminar,Pool 1 - Quebec City (CAN),Quebec City - Centre Videotron,03/06/2026,Ucrânia,EUA,0-3,16-25,17-25,23-25,,,Realizado,11:00,EDT (UTC-4),12:00,https://en.volleyballworld.com/volleyball/competitions/volleyball-nations-league/news/vnl-off-to-a-great-start-with-record-breaking-attendance-and-plenty-of-surprises
Feminino,Semana 1,Fase Preliminar,Pool 1 - Quebec City (CAN),Quebec City - Centre Videotron,03/06/2026,França,Japão,1-3,25-23,12-25,22-25,13-25,,Realizado,16:30,EDT (UTC-4),17:30,https://en.volleyballworld.com/volleyball/competitions/volleyball-nations-league/news/vnl-off-to-a-great-start-with-record-breaking-attendance-and-plenty-of-surprises
Feminino,Semana 1,Fase Preliminar,Pool 1 - Quebec City (CAN),Quebec City - Centre Videotron,03/06/2026,Canadá,Alemanha,1-3,26-28,25-22,18-25,18-25,,Realizado,20:00,EDT (UTC-4),21:00,https://en.volleyballworld.com/volleyball/competitions/volleyball-nations-league/news/vnl-off-to-a-great-start-with-record-breaking-attendance-and-plenty-of-surprises
Feminino,Semana 1,Fase Preliminar,Pool 1 - Quebec City (CAN),Quebec City - Centre Videotron,04/06/2026,Ucrânia,Alemanha,3-1,,,,, ,Realizado,16:30,EDT (UTC-4),17:30,https://en.volleyballworld.com/volleyball/competitions/volleyball-nations-league/news/vnl-off-to-a-great-start-with-record-breaking-attendance-and-plenty-of-surprises
Feminino,Semana 1,Fase Preliminar,Pool 1 - Quebec City (CAN),Quebec City - Centre Videotron,04/06/2026,Canadá,EUA,3-0,25-22,25-22,30-28,,,Realizado,20:00,EDT (UTC-4),21:00,https://en.volleyballworld.com/volleyball/competitions/volleyball-nations-league/news/vnl-off-to-a-great-start-with-record-breaking-attendance-and-plenty-of-surprises
Feminino,Semana 1,Fase Preliminar,Pool 1 - Quebec City (CAN),Quebec City - Centre Videotron,05/06/2026,Ucrânia,Japão,0-3,,,,,,Realizado,16:30,EDT (UTC-4),17:30,https://en.volleyballworld.com/volleyball/competitions/volleyball-nations-league/news/vnl-off-to-a-great-start-with-record-breaking-attendance-and-plenty-of-surprises
Feminino,Semana 1,Fase Preliminar,Pool 1 - Quebec City (CAN),Quebec City - Centre Videotron,05/06/2026,França,EUA,2-3,25-21,23-25,27-25,23-25,15-11,Realizado,20:30,EDT (UTC-4),21:30,https://en.volleyballworld.com/volleyball/competitions/volleyball-nations-league/news/vnl-off-to-a-great-start-with-record-breaking-attendance-and-plenty-of-surprises
Feminino,Semana 1,Fase Preliminar,Pool 1 - Quebec City (CAN),Quebec City - Centre Videotron,06/06/2026,Canadá,França,3-1,,,,,,Realizado,16:30,EDT (UTC-4),17:30,https://en.volleyballworld.com/volleyball/competitions/volleyball-nations-league/news/vnl-off-to-a-great-start-with-record-breaking-attendance-and-plenty-of-surprises
Feminino,Semana 1,Fase Preliminar,Pool 1 - Quebec City (CAN),Quebec City - Centre Videotron,06/06/2026,Alemanha,Japão,0-3,,,,,,Realizado,20:00,EDT (UTC-4),21:00,https://en.volleyballworld.com/volleyball/competitions/volleyball-nations-league/news/vnl-off-to-a-great-start-with-record-breaking-attendance-and-plenty-of-surprises
Feminino,Semana 1,Fase Preliminar,Pool 1 - Quebec City (CAN),Quebec City - Centre Videotron,07/06/2026,Ucrânia,França,2-3,,,,,,Realizado,11:00,EDT (UTC-4),12:00,https://en.volleyballworld.com/volleyball/competitions/volleyball-nations-league/news/vnl-off-to-a-great-start-with-record-breaking-attendance-and-plenty-of-surprises
Feminino,Semana 1,Fase Preliminar,Pool 1 - Quebec City (CAN),Quebec City - Centre Videotron,07/06/2026,EUA,Alemanha,3-0,25-22,25-15,25-12,,,Realizado,14:30,EDT (UTC-4),15:30,https://en.volleyballworld.com/volleyball/competitions/volleyball-nations-league/news/vnl-off-to-a-great-start-with-record-breaking-attendance-and-plenty-of-surprises
Feminino,Semana 1,Fase Preliminar,Pool 1 - Quebec City (CAN),Quebec City - Centre Videotron,07/06/2026,Canadá,Japão,2-3,,,,,,Realizado,18:00,EDT (UTC-4),19:00,https://en.volleyballworld.com/volleyball/competitions/volleyball-nations-league/news/vnl-off-to-a-great-start-with-record-breaking-attendance-and-plenty-of-surprises
Feminino,Semana 1,Fase Preliminar,Pool 2 - Brasília (BRA),Brasília - Nilson Nelson Gymnasium,03/06/2026,Rep. Dominicana,Turquia,2-3,,,,,,Realizado,13:00,BRT (UTC-3),13:00,https://en.volleyballworld.com/volleyball/competitions/volleyball-nations-league/news/vnl-off-to-a-great-start-with-record-breaking-attendance-and-plenty-of-surprises
Feminino,Semana 1,Fase Preliminar,Pool 2 - Brasília (BRA),Brasília - Nilson Nelson Gymnasium,03/06/2026,Itália,Bulgária,3-0,,,,,,Realizado,16:30,BRT (UTC-3),16:30,https://en.volleyballworld.com/volleyball/competitions/volleyball-nations-league/news/vnl-off-to-a-great-start-with-record-breaking-attendance-and-plenty-of-surprises
Feminino,Semana 1,Fase Preliminar,Pool 2 - Brasília (BRA),Brasília - Nilson Nelson Gymnasium,03/06/2026,Brasil,Holanda,3-1,25-17,25-15,27-25,25-23,,Realizado,20:00,BRT (UTC-3),20:00,https://en.volleyballworld.com/volleyball/competitions/volleyball-nations-league/news/vnl-off-to-a-great-start-with-record-breaking-attendance-and-plenty-of-surprises
Feminino,Semana 1,Fase Preliminar,Pool 2 - Brasília (BRA),Brasília - Nilson Nelson Gymnasium,04/06/2026,Turquia,Holanda,0-3,,,,,,Realizado,16:30,BRT (UTC-3),16:30,https://en.volleyballworld.com/volleyball/competitions/volleyball-nations-league/news/vnl-off-to-a-great-start-with-record-breaking-attendance-and-plenty-of-surprises
Feminino,Semana 1,Fase Preliminar,Pool 2 - Brasília (BRA),Brasília - Nilson Nelson Gymnasium,04/06/2026,Brasil,Rep. Dominicana,3-0,,,,,,Realizado,20:00,BRT (UTC-3),20:00,https://en.volleyballworld.com/volleyball/competitions/volleyball-nations-league/news/vnl-off-to-a-great-start-with-record-breaking-attendance-and-plenty-of-surprises
Feminino,Semana 1,Fase Preliminar,Pool 2 - Brasília (BRA),Brasília - Nilson Nelson Gymnasium,05/06/2026,Rep. Dominicana,Bulgária,3-2,,,,,,Realizado,16:30,BRT (UTC-3),16:30,https://en.volleyballworld.com/volleyball/competitions/volleyball-nations-league/news/vnl-off-to-a-great-start-with-record-breaking-attendance-and-plenty-of-surprises
Feminino,Semana 1,Fase Preliminar,Pool 2 - Brasília (BRA),Brasília - Nilson Nelson Gymnasium,05/06/2026,Holanda,Itália,0-3,,,,,,Realizado,20:00,BRT (UTC-3),20:00,https://en.volleyballworld.com/volleyball/competitions/volleyball-nations-league/news/vnl-off-to-a-great-start-with-record-breaking-attendance-and-plenty-of-surprises
Feminino,Semana 1,Fase Preliminar,Pool 2 - Brasília (BRA),Brasília - Nilson Nelson Gymnasium,06/06/2026,Brasil,Bulgária,3-0,,,,,,Realizado,11:00,BRT (UTC-3),11:00,https://en.volleyballworld.com/volleyball/competitions/volleyball-nations-league/news/vnl-off-to-a-great-start-with-record-breaking-attendance-and-plenty-of-surprises
Feminino,Semana 1,Fase Preliminar,Pool 2 - Brasília (BRA),Brasília - Nilson Nelson Gymnasium,06/06/2026,Itália,Turquia,3-1,,,,,,Realizado,15:30,BRT (UTC-3),15:30,https://en.volleyballworld.com/volleyball/competitions/volleyball-nations-league/news/vnl-off-to-a-great-start-with-record-breaking-attendance-and-plenty-of-surprises
Feminino,Semana 1,Fase Preliminar,Pool 2 - Brasília (BRA),Brasília - Nilson Nelson Gymnasium,07/06/2026,Rep. Dominicana,Holanda,0-3,,,,,,Realizado,11:00,BRT (UTC-3),11:00,https://en.volleyballworld.com/volleyball/competitions/volleyball-nations-league/news/vnl-off-to-a-great-start-with-record-breaking-attendance-and-plenty-of-surprises
Feminino,Semana 1,Fase Preliminar,Pool 2 - Brasília (BRA),Brasília - Nilson Nelson Gymnasium,07/06/2026,Brasil,Itália,3-2,,,,,,Realizado,14:30,BRT (UTC-3),14:30,https://en.volleyballworld.com/volleyball/competitions/volleyball-nations-league/news/vnl-off-to-a-great-start-with-record-breaking-attendance-and-plenty-of-surprises
Feminino,Semana 1,Fase Preliminar,Pool 2 - Brasília (BRA),Brasília - Nilson Nelson Gymnasium,07/06/2026,Bulgária,Turquia,1-3,,,,,,Realizado,18:00,BRT (UTC-3),18:00,https://en.volleyballworld.com/volleyball/competitions/volleyball-nations-league/news/vnl-off-to-a-great-start-with-record-breaking-attendance-and-plenty-of-surprises
Feminino,Semana 1,Fase Preliminar,Pool 3 - Nanjing (CHN),Nanjing - Olympic Youth Sports Park Gymnasium,03/06/2026,Bélgica,Polônia,2-3,25-20,22-25,25-23,18-25,13-15,Realizado,11:30,CST (UTC+8),00:30,https://en.volleyballworld.com/volleyball/competitions/volleyball-nations-league/news/vnl-off-to-a-great-start-with-record-breaking-attendance-and-plenty-of-surprises
Feminino,Semana 1,Fase Preliminar,Pool 3 - Nanjing (CHN),Nanjing - Olympic Youth Sports Park Gymnasium,03/06/2026,Tailândia,Sérvia,0-3,24-26,22-25,19-25,,,Realizado,15:00,CST (UTC+8),04:00,https://en.volleyballworld.com/volleyball/competitions/volleyball-nations-league/news/vnl-off-to-a-great-start-with-record-breaking-attendance-and-plenty-of-surprises
Feminino,Semana 1,Fase Preliminar,Pool 3 - Nanjing (CHN),Nanjing - Olympic Youth Sports Park Gymnasium,03/06/2026,China,Rep. Tcheca,0-3,20-25,20-25,24-26,,,Realizado,19:30,CST (UTC+8),08:30,https://en.volleyballworld.com/volleyball/competitions/volleyball-nations-league/news/vnl-off-to-a-great-start-with-record-breaking-attendance-and-plenty-of-surprises
Feminino,Semana 1,Fase Preliminar,Pool 3 - Nanjing (CHN),Nanjing - Olympic Youth Sports Park Gymnasium,04/06/2026,Rep. Tcheca,Polônia,0-3,,,,,,Realizado,15:00,CST (UTC+8),04:00,https://en.volleyballworld.com/volleyball/competitions/volleyball-nations-league/news/vnl-off-to-a-great-start-with-record-breaking-attendance-and-plenty-of-surprises
Feminino,Semana 1,Fase Preliminar,Pool 3 - Nanjing (CHN),Nanjing - Olympic Youth Sports Park Gymnasium,04/06/2026,China,Tailândia,3-2,,,,,,Realizado,19:30,CST (UTC+8),08:30,https://en.volleyballworld.com/volleyball/competitions/volleyball-nations-league/news/vnl-off-to-a-great-start-with-record-breaking-attendance-and-plenty-of-surprises
Feminino,Semana 1,Fase Preliminar,Pool 3 - Nanjing (CHN),Nanjing - Olympic Youth Sports Park Gymnasium,05/06/2026,Bélgica,Rep. Tcheca,0-3,,,,,,Realizado,15:00,CST (UTC+8),04:00,https://en.volleyballworld.com/volleyball/competitions/volleyball-nations-league/news/vnl-off-to-a-great-start-with-record-breaking-attendance-and-plenty-of-surprises
Feminino,Semana 1,Fase Preliminar,Pool 3 - Nanjing (CHN),Nanjing - Olympic Youth Sports Park Gymnasium,05/06/2026,Sérvia,Polônia,2-3,,,,,,Realizado,19:30,CST (UTC+8),08:30,https://en.volleyballworld.com/volleyball/competitions/volleyball-nations-league/news/vnl-off-to-a-great-start-with-record-breaking-attendance-and-plenty-of-surprises
Feminino,Semana 1,Fase Preliminar,Pool 3 - Nanjing (CHN),Nanjing - Olympic Youth Sports Park Gymnasium,06/06/2026,Tailândia,Bélgica,2-3,,,,,,Realizado,15:00,CST (UTC+8),04:00,https://en.volleyballworld.com/volleyball/competitions/volleyball-nations-league/news/vnl-off-to-a-great-start-with-record-breaking-attendance-and-plenty-of-surprises
Feminino,Semana 1,Fase Preliminar,Pool 3 - Nanjing (CHN),Nanjing - Olympic Youth Sports Park Gymnasium,06/06/2026,China,Sérvia,3-0,,,,,,Realizado,19:30,CST (UTC+8),08:30,https://en.volleyballworld.com/volleyball/competitions/volleyball-nations-league/news/vnl-off-to-a-great-start-with-record-breaking-attendance-and-plenty-of-surprises
Feminino,Semana 1,Fase Preliminar,Pool 3 - Nanjing (CHN),Nanjing - Olympic Youth Sports Park Gymnasium,07/06/2026,Tailândia,Rep. Tcheca,0-3,,,,,,Realizado,10:30,CST (UTC+8),23:30,https://en.volleyballworld.com/volleyball/competitions/volleyball-nations-league/news/vnl-off-to-a-great-start-with-record-breaking-attendance-and-plenty-of-surprises
Feminino,Semana 1,Fase Preliminar,Pool 3 - Nanjing (CHN),Nanjing - Olympic Youth Sports Park Gymnasium,07/06/2026,Bélgica,Sérvia,3-2,,,,,,Realizado,15:00,CST (UTC+8),04:00,https://en.volleyballworld.com/volleyball/competitions/volleyball-nations-league/news/vnl-off-to-a-great-start-with-record-breaking-attendance-and-plenty-of-surprises
Feminino,Semana 1,Fase Preliminar,Pool 3 - Nanjing (CHN),Nanjing - Olympic Youth Sports Park Gymnasium,07/06/2026,China,Polônia,3-2,,,,,,Realizado,19:00,CST (UTC+8),08:00,https://en.volleyballworld.com/volleyball/competitions/volleyball-nations-league/news/vnl-off-to-a-great-start-with-record-breaking-attendance-and-plenty-of-surprises
Feminino,Semana 2,Fase Preliminar,Pool 4 - Ancara (TUR),Ancara - Ankara Arena,17/06/2026,Alemanha,China,2-3,27-25,23-25,25-18,20-25,6-15,Realizado,12:30,TRT (UTC+3),06:30,https://en.volleyballworld.com/volleyball/competitions/volleyball-nations-league/schedule/
Feminino,Semana 2,Fase Preliminar,Pool 4 - Ancara (TUR),Ancara - Ankara Arena,17/06/2026,França,Brasil,0-3,22-25,19-25,15-25,,,Realizado,16:00,TRT (UTC+3),10:00,https://en.volleyballworld.com/volleyball/competitions/volleyball-nations-league/schedule/
Feminino,Semana 2,Fase Preliminar,Pool 4 - Ancara (TUR),Ancara - Ankara Arena,17/06/2026,Turquia,Bélgica,3-0,25-14,25-13,25-23,,,Realizado,19:30,TRT (UTC+3),13:30,https://en.volleyballworld.com/volleyball/competitions/volleyball-nations-league/schedule/
Feminino,Semana 2,Fase Preliminar,Pool 4 - Ancara (TUR),Ancara - Ankara Arena,18/06/2026,Bélgica,Brasil,-,,,,,,Próximo Jogo,16:00,TRT (UTC+3),10:00,https://en.volleyballworld.com/volleyball/competitions/volleyball-nations-league/schedule/
Feminino,Semana 2,Fase Preliminar,Pool 4 - Ancara (TUR),Ancara - Ankara Arena,18/06/2026,Turquia,França,-,,,,,,Próximo Jogo,19:30,TRT (UTC+3),13:30,https://en.volleyballworld.com/volleyball/competitions/volleyball-nations-league/schedule/
Feminino,Semana 2,Fase Preliminar,Pool 4 - Ancara (TUR),Ancara - Ankara Arena,19/06/2026,França,China,-,,,,,,Próximo Jogo,16:00,TRT (UTC+3),10:00,https://en.volleyballworld.com/volleyball/competitions/volleyball-nations-league/schedule/
Feminino,Semana 2,Fase Preliminar,Pool 4 - Ancara (TUR),Ancara - Ankara Arena,19/06/2026,Bélgica,Alemanha,-,,,,,,Próximo Jogo,19:30,TRT (UTC+3),13:30,https://en.volleyballworld.com/volleyball/competitions/volleyball-nations-league/schedule/
Feminino,Semana 2,Fase Preliminar,Pool 4 - Ancara (TUR),Ancara - Ankara Arena,20/06/2026,China,Brasil,-,,,,,,Próximo Jogo,16:00,TRT (UTC+3),10:00,https://en.volleyballworld.com/volleyball/competitions/volleyball-nations-league/schedule/
Feminino,Semana 2,Fase Preliminar,Pool 4 - Ancara (TUR),Ancara - Ankara Arena,20/06/2026,Turquia,Alemanha,-,,,,,,Próximo Jogo,19:30,TRT (UTC+3),13:30,https://en.volleyballworld.com/volleyball/competitions/volleyball-nations-league/schedule/
Feminino,Semana 2,Fase Preliminar,Pool 4 - Ancara (TUR),Ancara - Ankara Arena,21/06/2026,Bélgica,França,-,,,,,,Próximo Jogo,12:30,TRT (UTC+3),06:30,https://en.volleyballworld.com/volleyball/competitions/volleyball-nations-league/schedule/
Feminino,Semana 2,Fase Preliminar,Pool 4 - Ancara (TUR),Ancara - Ankara Arena,21/06/2026,Alemanha,Brasil,-,,,,,,Próximo Jogo,16:00,TRT (UTC+3),10:00,https://en.volleyballworld.com/volleyball/competitions/volleyball-nations-league/schedule/
Feminino,Semana 2,Fase Preliminar,Pool 4 - Ancara (TUR),Ancara - Ankara Arena,21/06/2026,Turquia,China,-,,,,,,Próximo Jogo,19:30,TRT (UTC+3),13:30,https://en.volleyballworld.com/volleyball/competitions/volleyball-nations-league/schedule/
Feminino,Semana 2,Fase Preliminar,Pool 5 - Pasig City (PHI),Pasig City - SM Seaside Arena,17/06/2026,Rep. Dominicana,EUA,0-3,20-25,19-25,12-25,,,Realizado,12:00,PHT (UTC+8),01:00,https://en.volleyballworld.com/volleyball/competitions/volleyball-nations-league/schedule/
Feminino,Semana 2,Fase Preliminar,Pool 5 - Pasig City (PHI),Pasig City - SM Seaside Arena,17/06/2026,Rep. Tcheca,Itália,0-3,18-25,21-25,22-25,,,Realizado,16:00,PHT (UTC+8),05:00,https://en.volleyballworld.com/volleyball/competitions/volleyball-nations-league/schedule/
Feminino,Semana 2,Fase Preliminar,Pool 5 - Pasig City (PHI),Pasig City - SM Seaside Arena,17/06/2026,Japão,Sérvia,3-2,20-25,26-24,18-25,32-30,15-7,Realizado,20:00,PHT (UTC+8),09:00,https://en.volleyballworld.com/volleyball/competitions/volleyball-nations-league/schedule/
Feminino,Semana 2,Fase Preliminar,Pool 5 - Pasig City (PHI),Pasig City - SM Seaside Arena,18/06/2026,Rep. Tcheca,EUA,-,,,,,,Próximo Jogo,16:00,PHT (UTC+8),05:00,https://en.volleyballworld.com/volleyball/competitions/volleyball-nations-league/schedule/
Feminino,Semana 2,Fase Preliminar,Pool 5 - Pasig City (PHI),Pasig City - SM Seaside Arena,18/06/2026,Sérvia,Itália,-,,,,,,Próximo Jogo,20:00,PHT (UTC+8),09:00,https://en.volleyballworld.com/volleyball/competitions/volleyball-nations-league/schedule/
Feminino,Semana 2,Fase Preliminar,Pool 5 - Pasig City (PHI),Pasig City - SM Seaside Arena,19/06/2026,Rep. Dominicana,Sérvia,-,,,,,,Próximo Jogo,16:00,PHT (UTC+8),05:00,https://en.volleyballworld.com/volleyball/competitions/volleyball-nations-league/schedule/
Feminino,Semana 2,Fase Preliminar,Pool 5 - Pasig City (PHI),Pasig City - SM Seaside Arena,19/06/2026,Japão,Rep. Tcheca,-,,,,,,Próximo Jogo,20:00,PHT (UTC+8),09:00,https://en.volleyballworld.com/volleyball/competitions/volleyball-nations-league/schedule/
Feminino,Semana 2,Fase Preliminar,Pool 5 - Pasig City (PHI),Pasig City - SM Seaside Arena,20/06/2026,EUA,Itália,-,,,,,,Próximo Jogo,16:00,PHT (UTC+8),05:00,https://en.volleyballworld.com/volleyball/competitions/volleyball-nations-league/schedule/
Feminino,Semana 2,Fase Preliminar,Pool 5 - Pasig City (PHI),Pasig City - SM Seaside Arena,20/06/2026,Japão,Rep. Dominicana,-,,,,,,Próximo Jogo,20:00,PHT (UTC+8),09:00,https://en.volleyballworld.com/volleyball/competitions/volleyball-nations-league/schedule/
Feminino,Semana 2,Fase Preliminar,Pool 5 - Pasig City (PHI),Pasig City - SM Seaside Arena,21/06/2026,Sérvia,EUA,-,,,,,,Próximo Jogo,12:00,PHT (UTC+8),01:00,https://en.volleyballworld.com/volleyball/competitions/volleyball-nations-league/schedule/
Feminino,Semana 2,Fase Preliminar,Pool 5 - Pasig City (PHI),Pasig City - SM Seaside Arena,21/06/2026,Rep. Tcheca,Rep. Dominicana,-,,,,,,Próximo Jogo,16:00,PHT (UTC+8),05:00,https://en.volleyballworld.com/volleyball/competitions/volleyball-nations-league/schedule/
Feminino,Semana 2,Fase Preliminar,Pool 5 - Pasig City (PHI),Pasig City - SM Seaside Arena,21/06/2026,Japão,Itália,-,,,,,,Próximo Jogo,20:00,PHT (UTC+8),09:00,https://en.volleyballworld.com/volleyball/competitions/volleyball-nations-league/schedule/
Feminino,Semana 2,Fase Preliminar,Pool 6 - Bangkok (THA),Bangkok - Indoor Stadium Huamark,17/06/2026,Canadá,Holanda,3-1,20-25,25-19,25-17,25-20,,Realizado,13:00,ICT (UTC+7),03:00,https://en.volleyballworld.com/volleyball/competitions/volleyball-nations-league/schedule/
Feminino,Semana 2,Fase Preliminar,Pool 6 - Bangkok (THA),Bangkok - Indoor Stadium Huamark,17/06/2026,Bulgária,Polônia,0-3,12-25,22-25,23-25,,,Realizado,17:00,ICT (UTC+7),07:00,https://en.volleyballworld.com/volleyball/competitions/volleyball-nations-league/schedule/
Feminino,Semana 2,Fase Preliminar,Pool 6 - Bangkok (THA),Bangkok - Indoor Stadium Huamark,17/06/2026,Tailândia,Ucrânia,2-3,23-25,25-19,26-28,25-22,10-15,Realizado,20:30,ICT (UTC+7),10:30,https://en.volleyballworld.com/volleyball/competitions/volleyball-nations-league/schedule/
Feminino,Semana 2,Fase Preliminar,Pool 6 - Bangkok (THA),Bangkok - Indoor Stadium Huamark,18/06/2026,Ucrânia,Polônia,-,,,,,,Próximo Jogo,17:00,ICT (UTC+7),07:00,https://en.volleyballworld.com/volleyball/competitions/volleyball-nations-league/schedule/
Feminino,Semana 2,Fase Preliminar,Pool 6 - Bangkok (THA),Bangkok - Indoor Stadium Huamark,18/06/2026,Tailândia,Bulgária,-,,,,,,Próximo Jogo,20:30,ICT (UTC+7),10:30,https://en.volleyballworld.com/volleyball/competitions/volleyball-nations-league/schedule/
Feminino,Semana 2,Fase Preliminar,Pool 6 - Bangkok (THA),Bangkok - Indoor Stadium Huamark,19/06/2026,Ucrânia,Holanda,-,,,,,,Próximo Jogo,17:00,ICT (UTC+7),07:00,https://en.volleyballworld.com/volleyball/competitions/volleyball-nations-league/schedule/
Feminino,Semana 2,Fase Preliminar,Pool 6 - Bangkok (THA),Bangkok - Indoor Stadium Huamark,19/06/2026,Bulgária,Canadá,-,,,,,,Próximo Jogo,20:30,ICT (UTC+7),10:30,https://en.volleyballworld.com/volleyball/competitions/volleyball-nations-league/schedule/
Feminino,Semana 2,Fase Preliminar,Pool 6 - Bangkok (THA),Bangkok - Indoor Stadium Huamark,20/06/2026,Holanda,Polônia,-,,,,,,Próximo Jogo,17:00,ICT (UTC+7),07:00,https://en.volleyballworld.com/volleyball/competitions/volleyball-nations-league/schedule/
Feminino,Semana 2,Fase Preliminar,Pool 6 - Bangkok (THA),Bangkok - Indoor Stadium Huamark,20/06/2026,Tailândia,Canadá,-,,,,,,Próximo Jogo,20:30,ICT (UTC+7),10:30,https://en.volleyballworld.com/volleyball/competitions/volleyball-nations-league/schedule/
Feminino,Semana 2,Fase Preliminar,Pool 6 - Bangkok (THA),Bangkok - Indoor Stadium Huamark,21/06/2026,Bulgária,Ucrânia,-,,,,,,Próximo Jogo,13:00,ICT (UTC+7),03:00,https://en.volleyballworld.com/volleyball/competitions/volleyball-nations-league/schedule/
Feminino,Semana 2,Fase Preliminar,Pool 6 - Bangkok (THA),Bangkok - Indoor Stadium Huamark,21/06/2026,Canadá,Polônia,-,,,,,,Próximo Jogo,17:00,ICT (UTC+7),07:00,https://en.volleyballworld.com/volleyball/competitions/volleyball-nations-league/schedule/
Feminino,Semana 2,Fase Preliminar,Pool 6 - Bangkok (THA),Bangkok - Indoor Stadium Huamark,21/06/2026,Tailândia,Holanda,-,,,,,,Próximo Jogo,20:30,ICT (UTC+7),10:30,https://en.volleyballworld.com/volleyball/competitions/volleyball-nations-league/schedule/
Feminino,Semana 3,Fase Preliminar,Pool 7 - Belgrado (SRB),Belgrado - Belgrade Arena,08/07/2026,França,Holanda,-,,,,,,Próximo Jogo,13:00,CEST (UTC+2),08:00,https://en.volleyballworld.com/volleyball/competitions/volleyball-nations-league/schedule/
Feminino,Semana 3,Fase Preliminar,Pool 7 - Belgrado (SRB),Belgrado - Belgrade Arena,08/07/2026,Rep. Tcheca,Alemanha,-,,,,,,Próximo Jogo,16:30,CEST (UTC+2),11:30,https://en.volleyballworld.com/volleyball/competitions/volleyball-nations-league/schedule/
Feminino,Semana 3,Fase Preliminar,Pool 7 - Belgrado (SRB),Belgrado - Belgrade Arena,08/07/2026,Sérvia,Bulgária,-,,,,,,Próximo Jogo,20:00,CEST (UTC+2),15:00,https://en.volleyballworld.com/volleyball/competitions/volleyball-nations-league/schedule/
Feminino,Semana 3,Fase Preliminar,Pool 7 - Belgrado (SRB),Belgrado - Belgrade Arena,09/07/2026,Rep. Tcheca,Holanda,-,,,,,,Próximo Jogo,16:30,CEST (UTC+2),11:30,https://en.volleyballworld.com/volleyball/competitions/volleyball-nations-league/schedule/
Feminino,Semana 3,Fase Preliminar,Pool 7 - Belgrado (SRB),Belgrado - Belgrade Arena,09/07/2026,Sérvia,França,-,,,,,,Próximo Jogo,20:00,CEST (UTC+2),15:00,https://en.volleyballworld.com/volleyball/competitions/volleyball-nations-league/schedule/
Feminino,Semana 3,Fase Preliminar,Pool 7 - Belgrado (SRB),Belgrado - Belgrade Arena,10/07/2026,Bulgária,Rep. Tcheca,-,,,,,,Próximo Jogo,16:30,CEST (UTC+2),11:30,https://en.volleyballworld.com/volleyball/competitions/volleyball-nations-league/schedule/
Feminino,Semana 3,Fase Preliminar,Pool 7 - Belgrado (SRB),Belgrado - Belgrade Arena,10/07/2026,Alemanha,Holanda,-,,,,,,Próximo Jogo,20:00,CEST (UTC+2),15:00,https://en.volleyballworld.com/volleyball/competitions/volleyball-nations-league/schedule/
Feminino,Semana 3,Fase Preliminar,Pool 7 - Belgrado (SRB),Belgrado - Belgrade Arena,11/07/2026,Bulgária,França,-,,,,,,Próximo Jogo,16:30,CEST (UTC+2),11:30,https://en.volleyballworld.com/volleyball/competitions/volleyball-nations-league/schedule/
Feminino,Semana 3,Fase Preliminar,Pool 7 - Belgrado (SRB),Belgrado - Belgrade Arena,11/07/2026,Sérvia,Alemanha,-,,,,,,Próximo Jogo,20:00,CEST (UTC+2),15:00,https://en.volleyballworld.com/volleyball/competitions/volleyball-nations-league/schedule/
Feminino,Semana 3,Fase Preliminar,Pool 7 - Belgrado (SRB),Belgrado - Belgrade Arena,12/07/2026,França,Rep. Tcheca,-,,,,,,Próximo Jogo,13:00,CEST (UTC+2),08:00,https://en.volleyballworld.com/volleyball/competitions/volleyball-nations-league/schedule/
Feminino,Semana 3,Fase Preliminar,Pool 7 - Belgrado (SRB),Belgrado - Belgrade Arena,12/07/2026,Bulgária,Alemanha,-,,,,,,Próximo Jogo,16:30,CEST (UTC+2),11:30,https://en.volleyballworld.com/volleyball/competitions/volleyball-nations-league/schedule/
Feminino,Semana 3,Fase Preliminar,Pool 7 - Belgrado (SRB),Belgrado - Belgrade Arena,12/07/2026,Sérvia,Holanda,-,,,,,,Próximo Jogo,20:00,CEST (UTC+2),15:00,https://en.volleyballworld.com/volleyball/competitions/volleyball-nations-league/schedule/
Feminino,Semana 3,Fase Preliminar,Pool 8 - Hong Kong (CHN),Hong Kong - Kai Tak Arena,08/07/2026,Bélgica,Rep. Dominicana,-,,,,,,Próximo Jogo,11:30,HKT (UTC+8),00:30,https://en.volleyballworld.com/volleyball/competitions/volleyball-nations-league/schedule/
Feminino,Semana 3,Fase Preliminar,Pool 8 - Hong Kong (CHN),Hong Kong - Kai Tak Arena,08/07/2026,Ucrânia,Itália,-,,,,,,Próximo Jogo,17:00,HKT (UTC+8),06:00,https://en.volleyballworld.com/volleyball/competitions/volleyball-nations-league/schedule/
Feminino,Semana 3,Fase Preliminar,Pool 8 - Hong Kong (CHN),Hong Kong - Kai Tak Arena,08/07/2026,China,Canadá,-,,,,,,Próximo Jogo,20:30,HKT (UTC+8),09:30,https://en.volleyballworld.com/volleyball/competitions/volleyball-nations-league/schedule/
Feminino,Semana 3,Fase Preliminar,Pool 8 - Hong Kong (CHN),Hong Kong - Kai Tak Arena,09/07/2026,Bélgica,Canadá,-,,,,,,Próximo Jogo,17:00,HKT (UTC+8),06:00,https://en.volleyballworld.com/volleyball/competitions/volleyball-nations-league/schedule/
Feminino,Semana 3,Fase Preliminar,Pool 8 - Hong Kong (CHN),Hong Kong - Kai Tak Arena,09/07/2026,China,Ucrânia,-,,,,,,Próximo Jogo,20:30,HKT (UTC+8),09:30,https://en.volleyballworld.com/volleyball/competitions/volleyball-nations-league/schedule/
Feminino,Semana 3,Fase Preliminar,Pool 8 - Hong Kong (CHN),Hong Kong - Kai Tak Arena,10/07/2026,Ucrânia,Rep. Dominicana,-,,,,,,Próximo Jogo,17:00,HKT (UTC+8),06:00,https://en.volleyballworld.com/volleyball/competitions/volleyball-nations-league/schedule/
Feminino,Semana 3,Fase Preliminar,Pool 8 - Hong Kong (CHN),Hong Kong - Kai Tak Arena,10/07/2026,Bélgica,Itália,-,,,,,,Próximo Jogo,20:30,HKT (UTC+8),09:30,https://en.volleyballworld.com/volleyball/competitions/volleyball-nations-league/schedule/
Feminino,Semana 3,Fase Preliminar,Pool 8 - Hong Kong (CHN),Hong Kong - Kai Tak Arena,11/07/2026,Canadá,Itália,-,,,,,,Próximo Jogo,16:30,HKT (UTC+8),05:30,https://en.volleyballworld.com/volleyball/competitions/volleyball-nations-league/schedule/
Feminino,Semana 3,Fase Preliminar,Pool 8 - Hong Kong (CHN),Hong Kong - Kai Tak Arena,11/07/2026,China,Rep. Dominicana,-,,,,,,Próximo Jogo,20:00,HKT (UTC+8),09:00,https://en.volleyballworld.com/volleyball/competitions/volleyball-nations-league/schedule/
Feminino,Semana 3,Fase Preliminar,Pool 8 - Hong Kong (CHN),Hong Kong - Kai Tak Arena,12/07/2026,Bélgica,Ucrânia,-,,,,,,Próximo Jogo,11:00,HKT (UTC+8),00:00,https://en.volleyballworld.com/volleyball/competitions/volleyball-nations-league/schedule/
Feminino,Semana 3,Fase Preliminar,Pool 8 - Hong Kong (CHN),Hong Kong - Kai Tak Arena,12/07/2026,Canadá,Rep. Dominicana,-,,,,,,Próximo Jogo,16:30,HKT (UTC+8),05:30,https://en.volleyballworld.com/volleyball/competitions/volleyball-nations-league/schedule/
Feminino,Semana 3,Fase Preliminar,Pool 8 - Hong Kong (CHN),Hong Kong - Kai Tak Arena,12/07/2026,China,Itália,-,,,,,,Próximo Jogo,20:00,HKT (UTC+8),09:00,https://en.volleyballworld.com/volleyball/competitions/volleyball-nations-league/schedule/
Feminino,Semana 3,Fase Preliminar,Pool 9 - Osaka (JPN),Osaka - Asue Arena Osaka,08/07/2026,Turquia,Polônia,-,,,,,,Próximo Jogo,12:00,JST (UTC+9),00:00,https://en.volleyballworld.com/volleyball/competitions/volleyball-nations-league/schedule/
Feminino,Semana 3,Fase Preliminar,Pool 9 - Osaka (JPN),Osaka - Asue Arena Osaka,08/07/2026,Tailândia,EUA,-,,,,,,Próximo Jogo,15:30,JST (UTC+9),03:30,https://en.volleyballworld.com/volleyball/competitions/volleyball-nations-league/schedule/
Feminino,Semana 3,Fase Preliminar,Pool 9 - Osaka (JPN),Osaka - Asue Arena Osaka,08/07/2026,Japão,Brasil,-,,,,,,Próximo Jogo,19:20,JST (UTC+9),07:20,https://en.volleyballworld.com/volleyball/competitions/volleyball-nations-league/schedule/
Feminino,Semana 3,Fase Preliminar,Pool 9 - Osaka (JPN),Osaka - Asue Arena Osaka,09/07/2026,EUA,Polônia,-,,,,,,Próximo Jogo,13:00,JST (UTC+9),01:00,https://en.volleyballworld.com/volleyball/competitions/volleyball-nations-league/schedule/
Feminino,Semana 3,Fase Preliminar,Pool 9 - Osaka (JPN),Osaka - Asue Arena Osaka,09/07/2026,Japão,Tailândia,-,,,,,,Próximo Jogo,19:20,JST (UTC+9),07:20,https://en.volleyballworld.com/volleyball/competitions/volleyball-nations-league/schedule/
Feminino,Semana 3,Fase Preliminar,Pool 9 - Osaka (JPN),Osaka - Asue Arena Osaka,10/07/2026,EUA,Turquia,-,,,,,,Próximo Jogo,13:00,JST (UTC+9),01:00,https://en.volleyballworld.com/volleyball/competitions/volleyball-nations-league/schedule/
Feminino,Semana 3,Fase Preliminar,Pool 9 - Osaka (JPN),Osaka - Asue Arena Osaka,10/07/2026,Polônia,Brasil,-,,,,,,Próximo Jogo,19:20,JST (UTC+9),07:20,https://en.volleyballworld.com/volleyball/competitions/volleyball-nations-league/schedule/
Feminino,Semana 3,Fase Preliminar,Pool 9 - Osaka (JPN),Osaka - Asue Arena Osaka,11/07/2026,Tailândia,Brasil,-,,,,,,Próximo Jogo,15:30,JST (UTC+9),03:30,https://en.volleyballworld.com/volleyball/competitions/volleyball-nations-league/schedule/
Feminino,Semana 3,Fase Preliminar,Pool 9 - Osaka (JPN),Osaka - Asue Arena Osaka,11/07/2026,Japão,Turquia,-,,,,,,Próximo Jogo,19:20,JST (UTC+9),07:20,https://en.volleyballworld.com/volleyball/competitions/volleyball-nations-league/schedule/
Feminino,Semana 3,Fase Preliminar,Pool 9 - Osaka (JPN),Osaka - Asue Arena Osaka,12/07/2026,EUA,Brasil,-,,,,,,Próximo Jogo,12:00,JST (UTC+9),00:00,https://en.volleyballworld.com/volleyball/competitions/volleyball-nations-league/schedule/
Feminino,Semana 3,Fase Preliminar,Pool 9 - Osaka (JPN),Osaka - Asue Arena Osaka,12/07/2026,Tailândia,Turquia,-,,,,,,Próximo Jogo,15:30,JST (UTC+9),03:30,https://en.volleyballworld.com/volleyball/competitions/volleyball-nations-league/schedule/
Feminino,Semana 3,Fase Preliminar,Pool 9 - Osaka (JPN),Osaka - Asue Arena Osaka,12/07/2026,Japão,Polônia,-,,,,,,Próximo Jogo,19:20,JST (UTC+9),07:20,https://en.volleyballworld.com/volleyball/competitions/volleyball-nations-league/schedule/
Feminino,Semana 4,Final (QF/SF/3º/Final),Final Round - Macau (CHN),Macau - Macau East Asian Games Dome,22/07/2026,QF1 (1º x 8º),TBD,-,,,,,,Próximo Jogo,,,,https://en.volleyballworld.com/volleyball/competitions/volleyball-nations-league/schedule/
Feminino,Semana 4,Final (QF/SF/3º/Final),Final Round - Macau (CHN),Macau - Macau East Asian Games Dome,22/07/2026,QF2 (2º x 7º),TBD,-,,,,,,Próximo Jogo,,,,https://en.volleyballworld.com/volleyball/competitions/volleyball-nations-league/schedule/
Feminino,Semana 4,Final (QF/SF/3º/Final),Final Round - Macau (CHN),Macau - Macau East Asian Games Dome,23/07/2026,QF3 (3º x 6º),TBD,-,,,,,,Próximo Jogo,,,,https://en.volleyballworld.com/volleyball/competitions/volleyball-nations-league/schedule/
Feminino,Semana 4,Final (QF/SF/3º/Final),Final Round - Macau (CHN),Macau - Macau East Asian Games Dome,23/07/2026,QF4 (4º x 5º),TBD,-,,,,,,Próximo Jogo,,,,https://en.volleyballworld.com/volleyball/competitions/volleyball-nations-league/schedule/
Feminino,Semana 4,Final (QF/SF/3º/Final),Final Round - Macau (CHN),Macau - Macau East Asian Games Dome,25/07/2026,SF1,TBD,-,,,,,,Próximo Jogo,,,,https://en.volleyballworld.com/volleyball/competitions/volleyball-nations-league/schedule/
Feminino,Semana 4,Final (QF/SF/3º/Final),Final Round - Macau (CHN),Macau - Macau East Asian Games Dome,25/07/2026,SF2,TBD,-,,,,,,Próximo Jogo,,,,https://en.volleyballworld.com/volleyball/competitions/volleyball-nations-league/schedule/
Feminino,Semana 4,Final (QF/SF/3º/Final),Final Round - Macau (CHN),Macau - Macau East Asian Games Dome,26/07/2026,Bronze,TBD,-,,,,,,Próximo Jogo,,,,https://en.volleyballworld.com/volleyball/competitions/volleyball-nations-league/schedule/
Feminino,Semana 4,Final (QF/SF/3º/Final),Final Round - Macau (CHN),Macau - Macau East Asian Games Dome,26/07/2026,Final (Ouro),TBD,-,,,,,,Próximo Jogo,,,,https://en.volleyballworld.com/volleyball/competitions/volleyball-nations-league/schedule/
Masculino,Semana 1,Fase Preliminar,Pool 1 - Ottawa (CAN),Ottawa - TD Place Arena,10/06/2026,Turquia,EUA,1-3,20-25,25-20,20-25,23-25,,Realizado,11:00,EDT (UTC-4),12:00,https://en.volleyballworld.com/volleyball/competitions/volleyball-nations-league/news/brazil-and-japan-go-through-men-s-vnl-week-one-undefeated
Masculino,Semana 1,Fase Preliminar,Pool 1 - Ottawa (CAN),Ottawa - TD Place Arena,10/06/2026,França,Itália,3-2,,,,,,Realizado,16:00,EDT (UTC-4),17:00,https://en.volleyballworld.com/volleyball/competitions/volleyball-nations-league/news/brazil-and-japan-go-through-men-s-vnl-week-one-undefeated
Masculino,Semana 1,Fase Preliminar,Pool 1 - Ottawa (CAN),Ottawa - TD Place Arena,10/06/2026,Canadá,Alemanha,1-3,,,,,,Realizado,19:30,EDT (UTC-4),20:30,https://en.volleyballworld.com/volleyball/competitions/volleyball-nations-league/news/brazil-and-japan-go-through-men-s-vnl-week-one-undefeated
Masculino,Semana 1,Fase Preliminar,Pool 1 - Ottawa (CAN),Ottawa - TD Place Arena,11/06/2026,Alemanha,Itália,1-3,,,,,,Realizado,16:00,EDT (UTC-4),17:00,https://en.volleyballworld.com/volleyball/competitions/volleyball-nations-league/news/brazil-and-japan-go-through-men-s-vnl-week-one-undefeated
Masculino,Semana 1,Fase Preliminar,Pool 1 - Ottawa (CAN),Ottawa - TD Place Arena,11/06/2026,Canadá,França,3-1,,,,,,Realizado,19:30,EDT (UTC-4),20:30,https://en.volleyballworld.com/volleyball/competitions/volleyball-nations-league/news/brazil-and-japan-go-through-men-s-vnl-week-one-undefeated
Masculino,Semana 1,Fase Preliminar,Pool 1 - Ottawa (CAN),Ottawa - TD Place Arena,12/06/2026,Alemanha,EUA,0-3,,,,,,Realizado,16:00,EDT (UTC-4),17:00,https://en.volleyballworld.com/volleyball/competitions/volleyball-nations-league/news/brazil-and-japan-go-through-men-s-vnl-week-one-undefeated
Masculino,Semana 1,Fase Preliminar,Pool 1 - Ottawa (CAN),Ottawa - TD Place Arena,12/06/2026,Turquia,França,3-1,,,,,,Realizado,19:30,EDT (UTC-4),20:30,https://en.volleyballworld.com/volleyball/competitions/volleyball-nations-league/news/brazil-and-japan-go-through-men-s-vnl-week-one-undefeated
Masculino,Semana 1,Fase Preliminar,Pool 1 - Ottawa (CAN),Ottawa - TD Place Arena,13/06/2026,Canadá,EUA,2-3,,,,,,Realizado,16:00,EDT (UTC-4),17:00,https://en.volleyballworld.com/volleyball/competitions/volleyball-nations-league/news/brazil-and-japan-go-through-men-s-vnl-week-one-undefeated
Masculino,Semana 1,Fase Preliminar,Pool 1 - Ottawa (CAN),Ottawa - TD Place Arena,13/06/2026,Turquia,Itália,0-3,,,,,,Realizado,19:30,EDT (UTC-4),20:30,https://en.volleyballworld.com/volleyball/competitions/volleyball-nations-league/news/brazil-and-japan-go-through-men-s-vnl-week-one-undefeated
Masculino,Semana 1,Fase Preliminar,Pool 1 - Ottawa (CAN),Ottawa - TD Place Arena,14/06/2026,Alemanha,França,3-1,,,,,,Realizado,11:00,EDT (UTC-4),12:00,https://en.volleyballworld.com/volleyball/competitions/volleyball-nations-league/news/brazil-and-japan-go-through-men-s-vnl-week-one-undefeated
Masculino,Semana 1,Fase Preliminar,Pool 1 - Ottawa (CAN),Ottawa - TD Place Arena,14/06/2026,Canadá,Turquia,2-3,,,,,,Realizado,14:30,EDT (UTC-4),15:30,https://en.volleyballworld.com/volleyball/competitions/volleyball-nations-league/news/brazil-and-japan-go-through-men-s-vnl-week-one-undefeated
Masculino,Semana 1,Fase Preliminar,Pool 1 - Ottawa (CAN),Ottawa - TD Place Arena,14/06/2026,EUA,Itália,2-3,18-25,25-15,19-25,25-18,10-15,Realizado,18:00,EDT (UTC-4),19:00,https://en.volleyballworld.com/volleyball/competitions/volleyball-nations-league/news/brazil-and-japan-go-through-men-s-vnl-week-one-undefeated
Masculino,Semana 1,Fase Preliminar,Pool 2 - Brasília (BRA),Brasília - Nilson Nelson Gymnasium,10/06/2026,Bélgica,Bulgária,3-1,20-25,26-24,26-24,25-23,,Realizado,13:00,BRT (UTC-3),13:00,https://en.volleyballworld.com/volleyball/competitions/volleyball-nations-league/news/brazil-and-japan-go-through-men-s-vnl-week-one-undefeated
Masculino,Semana 1,Fase Preliminar,Pool 2 - Brasília (BRA),Brasília - Nilson Nelson Gymnasium,10/06/2026,Sérvia,Argentina,3-0,,,,,,Realizado,16:30,BRT (UTC-3),16:30,https://en.volleyballworld.com/volleyball/competitions/volleyball-nations-league/news/brazil-and-japan-go-through-men-s-vnl-week-one-undefeated
Masculino,Semana 1,Fase Preliminar,Pool 2 - Brasília (BRA),Brasília - Nilson Nelson Gymnasium,10/06/2026,Brasil,Irã,3-0,,,,,,Realizado,20:00,BRT (UTC-3),20:00,https://en.volleyballworld.com/volleyball/competitions/volleyball-nations-league/news/brazil-and-japan-go-through-men-s-vnl-week-one-undefeated
Masculino,Semana 1,Fase Preliminar,Pool 2 - Brasília (BRA),Brasília - Nilson Nelson Gymnasium,11/06/2026,Bulgária,Irã,3-0,,,,,,Realizado,16:30,BRT (UTC-3),16:30,https://en.volleyballworld.com/volleyball/competitions/volleyball-nations-league/news/brazil-and-japan-go-through-men-s-vnl-week-one-undefeated
Masculino,Semana 1,Fase Preliminar,Pool 2 - Brasília (BRA),Brasília - Nilson Nelson Gymnasium,11/06/2026,Brasil,Bélgica,3-1,,,,,,Realizado,20:00,BRT (UTC-3),20:00,https://en.volleyballworld.com/volleyball/competitions/volleyball-nations-league/news/brazil-and-japan-go-through-men-s-vnl-week-one-undefeated
Masculino,Semana 1,Fase Preliminar,Pool 2 - Brasília (BRA),Brasília - Nilson Nelson Gymnasium,12/06/2026,Bélgica,Sérvia,3-1,,,,,,Realizado,16:30,BRT (UTC-3),16:30,https://en.volleyballworld.com/volleyball/competitions/volleyball-nations-league/news/brazil-and-japan-go-through-men-s-vnl-week-one-undefeated
Masculino,Semana 1,Fase Preliminar,Pool 2 - Brasília (BRA),Brasília - Nilson Nelson Gymnasium,12/06/2026,Irã,Argentina,3-0,,,,,,Realizado,20:00,BRT (UTC-3),20:00,https://en.volleyballworld.com/volleyball/competitions/volleyball-nations-league/news/brazil-and-japan-go-through-men-s-vnl-week-one-undefeated
Masculino,Semana 1,Fase Preliminar,Pool 2 - Brasília (BRA),Brasília - Nilson Nelson Gymnasium,13/06/2026,Brasil,Sérvia,3-0,,,,,,Realizado,11:00,BRT (UTC-3),11:00,https://en.volleyballworld.com/volleyball/competitions/volleyball-nations-league/news/brazil-and-japan-go-through-men-s-vnl-week-one-undefeated
Masculino,Semana 1,Fase Preliminar,Pool 2 - Brasília (BRA),Brasília - Nilson Nelson Gymnasium,13/06/2026,Bulgária,Argentina,3-1,,,,,,Realizado,15:30,BRT (UTC-3),15:30,https://en.volleyballworld.com/volleyball/competitions/volleyball-nations-league/news/brazil-and-japan-go-through-men-s-vnl-week-one-undefeated
Masculino,Semana 1,Fase Preliminar,Pool 2 - Brasília (BRA),Brasília - Nilson Nelson Gymnasium,14/06/2026,Bélgica,Irã,3-2,25-23,25-22,23-25,17-25,15-12,Realizado,11:00,BRT (UTC-3),11:00,https://en.volleyballworld.com/volleyball/competitions/volleyball-nations-league/news/brazil-and-japan-go-through-men-s-vnl-week-one-undefeated
Masculino,Semana 1,Fase Preliminar,Pool 2 - Brasília (BRA),Brasília - Nilson Nelson Gymnasium,14/06/2026,Bulgária,Sérvia,1-3,,,,,,Realizado,14:30,BRT (UTC-3),14:30,https://en.volleyballworld.com/volleyball/competitions/volleyball-nations-league/news/brazil-and-japan-go-through-men-s-vnl-week-one-undefeated
Masculino,Semana 1,Fase Preliminar,Pool 2 - Brasília (BRA),Brasília - Nilson Nelson Gymnasium,14/06/2026,Brasil,Argentina,3-2,,,,,,Realizado,18:00,BRT (UTC-3),18:00,https://en.volleyballworld.com/volleyball/competitions/volleyball-nations-league/news/brazil-and-japan-go-through-men-s-vnl-week-one-undefeated
Masculino,Semana 1,Fase Preliminar,Pool 3 - Linyi (CHN),Linyi - Linyi Olympic Sports Park Gymnasium,10/06/2026,Cuba,Polônia,0-3,16-25,20-25,21-25,,,Realizado,13:00,CST (UTC+8),02:00,https://en.volleyballworld.com/volleyball/competitions/volleyball-nations-league/news/brazil-and-japan-go-through-men-s-vnl-week-one-undefeated
Masculino,Semana 1,Fase Preliminar,Pool 3 - Linyi (CHN),Linyi - Linyi Olympic Sports Park Gymnasium,10/06/2026,China,Eslovênia,2-3,17-25,25-20,25-20,23-25,10-15,Realizado,16:30,CST (UTC+8),05:30,https://en.volleyballworld.com/volleyball/competitions/volleyball-nations-league/news/brazil-and-japan-go-through-men-s-vnl-week-one-undefeated
Masculino,Semana 1,Fase Preliminar,Pool 3 - Linyi (CHN),Linyi - Linyi Olympic Sports Park Gymnasium,10/06/2026,Ucrânia,Japão,0-3,,,,,,Realizado,20:00,CST (UTC+8),09:00,https://en.volleyballworld.com/volleyball/competitions/volleyball-nations-league/news/brazil-and-japan-go-through-men-s-vnl-week-one-undefeated
Masculino,Semana 1,Fase Preliminar,Pool 3 - Linyi (CHN),Linyi - Linyi Olympic Sports Park Gymnasium,11/06/2026,China,Ucrânia,3-1,,,,,,Realizado,16:30,CST (UTC+8),05:30,https://en.volleyballworld.com/volleyball/competitions/volleyball-nations-league/news/brazil-and-japan-go-through-men-s-vnl-week-one-undefeated
Masculino,Semana 1,Fase Preliminar,Pool 3 - Linyi (CHN),Linyi - Linyi Olympic Sports Park Gymnasium,11/06/2026,Eslovênia,Polônia,3-2,,,,,,Realizado,20:00,CST (UTC+8),09:00,https://en.volleyballworld.com/volleyball/competitions/volleyball-nations-league/news/brazil-and-japan-go-through-men-s-vnl-week-one-undefeated
Masculino,Semana 1,Fase Preliminar,Pool 3 - Linyi (CHN),Linyi - Linyi Olympic Sports Park Gymnasium,12/06/2026,Ucrânia,Cuba,3-0,25-21,25-20,25-16,,,Realizado,16:30,CST (UTC+8),05:30,https://en.volleyballworld.com/volleyball/competitions/volleyball-nations-league/news/brazil-and-japan-go-through-men-s-vnl-week-one-undefeated
Masculino,Semana 1,Fase Preliminar,Pool 3 - Linyi (CHN),Linyi - Linyi Olympic Sports Park Gymnasium,12/06/2026,Japão,Polônia,3-2,25-21,21-25,25-21,22-25,17-15,Realizado,20:00,CST (UTC+8),09:00,https://en.volleyballworld.com/volleyball/competitions/volleyball-nations-league/news/brazil-and-japan-go-through-men-s-vnl-week-one-undefeated
Masculino,Semana 1,Fase Preliminar,Pool 3 - Linyi (CHN),Linyi - Linyi Olympic Sports Park Gymnasium,13/06/2026,China,Japão,1-3,,,,,,Realizado,16:30,CST (UTC+8),05:30,https://en.volleyballworld.com/volleyball/competitions/volleyball-nations-league/news/brazil-and-japan-go-through-men-s-vnl-week-one-undefeated
Masculino,Semana 1,Fase Preliminar,Pool 3 - Linyi (CHN),Linyi - Linyi Olympic Sports Park Gymnasium,13/06/2026,Cuba,Eslovênia,2-3,,,,,,Realizado,20:00,CST (UTC+8),09:00,https://en.volleyballworld.com/volleyball/competitions/volleyball-nations-league/news/brazil-and-japan-go-through-men-s-vnl-week-one-undefeated
Masculino,Semana 1,Fase Preliminar,Pool 3 - Linyi (CHN),Linyi - Linyi Olympic Sports Park Gymnasium,14/06/2026,Ucrânia,Polônia,2-3,,,,,,Realizado,13:00,CST (UTC+8),02:00,https://en.volleyballworld.com/volleyball/competitions/volleyball-nations-league/news/brazil-and-japan-go-through-men-s-vnl-week-one-undefeated
Masculino,Semana 1,Fase Preliminar,Pool 3 - Linyi (CHN),Linyi - Linyi Olympic Sports Park Gymnasium,14/06/2026,China,Cuba,3-0,,,,,,Realizado,16:30,CST (UTC+8),05:30,https://en.volleyballworld.com/volleyball/competitions/volleyball-nations-league/news/brazil-and-japan-go-through-men-s-vnl-week-one-undefeated
Masculino,Semana 1,Fase Preliminar,Pool 3 - Linyi (CHN),Linyi - Linyi Olympic Sports Park Gymnasium,14/06/2026,Eslovênia,Japão,1-3,,,,,,Realizado,20:00,CST (UTC+8),09:00,https://en.volleyballworld.com/volleyball/competitions/volleyball-nations-league/news/brazil-and-japan-go-through-men-s-vnl-week-one-undefeated
Masculino,Semana 2,Fase Preliminar,Pool 4 - Orléans (FRA),Orléans - CO'Met Arena,24/06/2026,Sérvia,Japão,-,,,,,,Próximo Jogo,13:30,CEST (UTC+2),08:30,https://en.volleyballworld.com/volleyball/competitions/volleyball-nations-league/schedule/
Masculino,Semana 2,Fase Preliminar,Pool 4 - Orléans (FRA),Orléans - CO'Met Arena,24/06/2026,Cuba,EUA,-,,,,,,Próximo Jogo,17:00,CEST (UTC+2),12:00,https://en.volleyballworld.com/volleyball/competitions/volleyball-nations-league/schedule/
Masculino,Semana 2,Fase Preliminar,Pool 4 - Orléans (FRA),Orléans - CO'Met Arena,24/06/2026,França,Irã,-,,,,,,Próximo Jogo,20:30,CEST (UTC+2),15:30,https://en.volleyballworld.com/volleyball/competitions/volleyball-nations-league/schedule/
Masculino,Semana 2,Fase Preliminar,Pool 4 - Orléans (FRA),Orléans - CO'Met Arena,25/06/2026,Irã,EUA,-,,,,,,Próximo Jogo,17:00,CEST (UTC+2),12:00,https://en.volleyballworld.com/volleyball/competitions/volleyball-nations-league/schedule/
Masculino,Semana 2,Fase Preliminar,Pool 4 - Orléans (FRA),Orléans - CO'Met Arena,25/06/2026,França,Cuba,-,,,,,,Próximo Jogo,20:30,CEST (UTC+2),15:30,https://en.volleyballworld.com/volleyball/competitions/volleyball-nations-league/schedule/
Masculino,Semana 2,Fase Preliminar,Pool 4 - Orléans (FRA),Orléans - CO'Met Arena,26/06/2026,Irã,Japão,-,,,,,,Próximo Jogo,17:00,CEST (UTC+2),12:00,https://en.volleyballworld.com/volleyball/competitions/volleyball-nations-league/schedule/
Masculino,Semana 2,Fase Preliminar,Pool 4 - Orléans (FRA),Orléans - CO'Met Arena,26/06/2026,Sérvia,Cuba,-,,,,,,Próximo Jogo,20:30,CEST (UTC+2),15:30,https://en.volleyballworld.com/volleyball/competitions/volleyball-nations-league/schedule/
Masculino,Semana 2,Fase Preliminar,Pool 4 - Orléans (FRA),Orléans - CO'Met Arena,27/06/2026,EUA,Japão,-,,,,,,Próximo Jogo,17:00,CEST (UTC+2),12:00,https://en.volleyballworld.com/volleyball/competitions/volleyball-nations-league/schedule/
Masculino,Semana 2,Fase Preliminar,Pool 4 - Orléans (FRA),Orléans - CO'Met Arena,27/06/2026,França,Sérvia,-,,,,,,Próximo Jogo,20:30,CEST (UTC+2),15:30,https://en.volleyballworld.com/volleyball/competitions/volleyball-nations-league/schedule/
Masculino,Semana 2,Fase Preliminar,Pool 4 - Orléans (FRA),Orléans - CO'Met Arena,28/06/2026,Irã,Cuba,-,,,,,,Próximo Jogo,13:30,CEST (UTC+2),08:30,https://en.volleyballworld.com/volleyball/competitions/volleyball-nations-league/schedule/
Masculino,Semana 2,Fase Preliminar,Pool 4 - Orléans (FRA),Orléans - CO'Met Arena,28/06/2026,França,Japão,-,,,,,,Próximo Jogo,17:00,CEST (UTC+2),12:00,https://en.volleyballworld.com/volleyball/competitions/volleyball-nations-league/schedule/
Masculino,Semana 2,Fase Preliminar,Pool 4 - Orléans (FRA),Orléans - CO'Met Arena,28/06/2026,Sérvia,EUA,-,,,,,,Próximo Jogo,20:30,CEST (UTC+2),15:30,https://en.volleyballworld.com/volleyball/competitions/volleyball-nations-league/schedule/
Masculino,Semana 2,Fase Preliminar,Pool 5 - Gliwice (POL),Gliwice - Gliwice Arena,24/06/2026,China,Turquia,-,,,,,,Próximo Jogo,13:00,CEST (UTC+2),08:00,https://en.volleyballworld.com/volleyball/competitions/volleyball-nations-league/schedule/
Masculino,Semana 2,Fase Preliminar,Pool 5 - Gliwice (POL),Gliwice - Gliwice Arena,24/06/2026,Argentina,Alemanha,-,,,,,,Próximo Jogo,16:30,CEST (UTC+2),11:30,https://en.volleyballworld.com/volleyball/competitions/volleyball-nations-league/schedule/
Masculino,Semana 2,Fase Preliminar,Pool 5 - Gliwice (POL),Gliwice - Gliwice Arena,24/06/2026,Polônia,Bélgica,-,,,,,,Próximo Jogo,20:00,CEST (UTC+2),15:00,https://en.volleyballworld.com/volleyball/competitions/volleyball-nations-league/schedule/
Masculino,Semana 2,Fase Preliminar,Pool 5 - Gliwice (POL),Gliwice - Gliwice Arena,25/06/2026,China,Bélgica,-,,,,,,Próximo Jogo,16:30,CEST (UTC+2),11:30,https://en.volleyballworld.com/volleyball/competitions/volleyball-nations-league/schedule/
Masculino,Semana 2,Fase Preliminar,Pool 5 - Gliwice (POL),Gliwice - Gliwice Arena,25/06/2026,Polônia,Turquia,-,,,,,,Próximo Jogo,20:00,CEST (UTC+2),15:00,https://en.volleyballworld.com/volleyball/competitions/volleyball-nations-league/schedule/
Masculino,Semana 2,Fase Preliminar,Pool 5 - Gliwice (POL),Gliwice - Gliwice Arena,26/06/2026,China,Argentina,-,,,,,,Próximo Jogo,16:30,CEST (UTC+2),11:30,https://en.volleyballworld.com/volleyball/competitions/volleyball-nations-league/schedule/
Masculino,Semana 2,Fase Preliminar,Pool 5 - Gliwice (POL),Gliwice - Gliwice Arena,26/06/2026,Bélgica,Alemanha,-,,,,,,Próximo Jogo,20:00,CEST (UTC+2),15:00,https://en.volleyballworld.com/volleyball/competitions/volleyball-nations-league/schedule/
Masculino,Semana 2,Fase Preliminar,Pool 5 - Gliwice (POL),Gliwice - Gliwice Arena,27/06/2026,Polônia,Alemanha,-,,,,,,Próximo Jogo,17:00,CEST (UTC+2),12:00,https://en.volleyballworld.com/volleyball/competitions/volleyball-nations-league/schedule/
Masculino,Semana 2,Fase Preliminar,Pool 5 - Gliwice (POL),Gliwice - Gliwice Arena,27/06/2026,Turquia,Argentina,-,,,,,,Próximo Jogo,20:30,CEST (UTC+2),15:30,https://en.volleyballworld.com/volleyball/competitions/volleyball-nations-league/schedule/
Masculino,Semana 2,Fase Preliminar,Pool 5 - Gliwice (POL),Gliwice - Gliwice Arena,28/06/2026,China,Alemanha,-,,,,,,Próximo Jogo,13:00,CEST (UTC+2),08:00,https://en.volleyballworld.com/volleyball/competitions/volleyball-nations-league/schedule/
Masculino,Semana 2,Fase Preliminar,Pool 5 - Gliwice (POL),Gliwice - Gliwice Arena,28/06/2026,Bélgica,Turquia,-,,,,,,Próximo Jogo,16:30,CEST (UTC+2),11:30,https://en.volleyballworld.com/volleyball/competitions/volleyball-nations-league/schedule/
Masculino,Semana 2,Fase Preliminar,Pool 5 - Gliwice (POL),Gliwice - Gliwice Arena,28/06/2026,Polônia,Argentina,-,,,,,,Próximo Jogo,20:00,CEST (UTC+2),15:00,https://en.volleyballworld.com/volleyball/competitions/volleyball-nations-league/schedule/
Masculino,Semana 2,Fase Preliminar,Pool 6 - Liubliana (SLO),Liubliana - Arena Stožice,24/06/2026,Bulgária,Itália,-,,,,,,Próximo Jogo,13:00,CEST (UTC+2),08:00,https://en.volleyballworld.com/volleyball/competitions/volleyball-nations-league/schedule/
Masculino,Semana 2,Fase Preliminar,Pool 6 - Liubliana (SLO),Liubliana - Arena Stožice,24/06/2026,Ucrânia,Brasil,-,,,,,,Próximo Jogo,16:30,CEST (UTC+2),11:30,https://en.volleyballworld.com/volleyball/competitions/volleyball-nations-league/schedule/
Masculino,Semana 2,Fase Preliminar,Pool 6 - Liubliana (SLO),Liubliana - Arena Stožice,24/06/2026,Eslovênia,Canadá,-,,,,,,Próximo Jogo,20:30,CEST (UTC+2),15:30,https://en.volleyballworld.com/volleyball/competitions/volleyball-nations-league/schedule/
Masculino,Semana 2,Fase Preliminar,Pool 6 - Liubliana (SLO),Liubliana - Arena Stožice,25/06/2026,Ucrânia,Itália,-,,,,,,Próximo Jogo,16:30,CEST (UTC+2),11:30,https://en.volleyballworld.com/volleyball/competitions/volleyball-nations-league/schedule/
Masculino,Semana 2,Fase Preliminar,Pool 6 - Liubliana (SLO),Liubliana - Arena Stožice,25/06/2026,Eslovênia,Bulgária,-,,,,,,Próximo Jogo,20:30,CEST (UTC+2),15:30,https://en.volleyballworld.com/volleyball/competitions/volleyball-nations-league/schedule/
Masculino,Semana 2,Fase Preliminar,Pool 6 - Liubliana (SLO),Liubliana - Arena Stožice,26/06/2026,Ucrânia,Canadá,-,,,,,,Próximo Jogo,16:30,CEST (UTC+2),11:30,https://en.volleyballworld.com/volleyball/competitions/volleyball-nations-league/schedule/
Masculino,Semana 2,Fase Preliminar,Pool 6 - Liubliana (SLO),Liubliana - Arena Stožice,26/06/2026,Brasil,Itália,-,,,,,,Próximo Jogo,20:00,CEST (UTC+2),15:00,https://en.volleyballworld.com/volleyball/competitions/volleyball-nations-league/schedule/
Masculino,Semana 2,Fase Preliminar,Pool 6 - Liubliana (SLO),Liubliana - Arena Stožice,27/06/2026,Bulgária,Canadá,-,,,,,,Próximo Jogo,16:30,CEST (UTC+2),11:30,https://en.volleyballworld.com/volleyball/competitions/volleyball-nations-league/schedule/
Masculino,Semana 2,Fase Preliminar,Pool 6 - Liubliana (SLO),Liubliana - Arena Stožice,27/06/2026,Eslovênia,Brasil,-,,,,,,Próximo Jogo,20:30,CEST (UTC+2),15:30,https://en.volleyballworld.com/volleyball/competitions/volleyball-nations-league/schedule/
Masculino,Semana 2,Fase Preliminar,Pool 6 - Liubliana (SLO),Liubliana - Arena Stožice,28/06/2026,Bulgária,Ucrânia,-,,,,,,Próximo Jogo,13:00,CEST (UTC+2),08:00,https://en.volleyballworld.com/volleyball/competitions/volleyball-nations-league/schedule/
Masculino,Semana 2,Fase Preliminar,Pool 6 - Liubliana (SLO),Liubliana - Arena Stožice,28/06/2026,Canadá,Brasil,-,,,,,,Próximo Jogo,16:30,CEST (UTC+2),11:30,https://en.volleyballworld.com/volleyball/competitions/volleyball-nations-league/schedule/
Masculino,Semana 2,Fase Preliminar,Pool 6 - Liubliana (SLO),Liubliana - Arena Stožice,28/06/2026,Eslovênia,Itália,-,,,,,,Próximo Jogo,20:30,CEST (UTC+2),15:30,https://en.volleyballworld.com/volleyball/competitions/volleyball-nations-league/schedule/
Masculino,Semana 3,Fase Preliminar,Pool 7 - Belgrado (SRB),Belgrado - Belgrade Arena,15/07/2026,Alemanha,Eslovênia,-,,,,,,Próximo Jogo,13:00,CEST (UTC+2),08:00,https://en.volleyballworld.com/volleyball/competitions/volleyball-nations-league/schedule/
Masculino,Semana 3,Fase Preliminar,Pool 7 - Belgrado (SRB),Belgrado - Belgrade Arena,15/07/2026,Ucrânia,Irã,-,,,,,,Próximo Jogo,16:30,CEST (UTC+2),11:30,https://en.volleyballworld.com/volleyball/competitions/volleyball-nations-league/schedule/
Masculino,Semana 3,Fase Preliminar,Pool 7 - Belgrado (SRB),Belgrado - Belgrade Arena,15/07/2026,Sérvia,Turquia,-,,,,,,Próximo Jogo,20:00,CEST (UTC+2),15:00,https://en.volleyballworld.com/volleyball/competitions/volleyball-nations-league/schedule/
Masculino,Semana 3,Fase Preliminar,Pool 7 - Belgrado (SRB),Belgrado - Belgrade Arena,16/07/2026,Irã,Alemanha,-,,,,,,Próximo Jogo,16:30,CEST (UTC+2),11:30,https://en.volleyballworld.com/volleyball/competitions/volleyball-nations-league/schedule/
Masculino,Semana 3,Fase Preliminar,Pool 7 - Belgrado (SRB),Belgrado - Belgrade Arena,16/07/2026,Sérvia,Ucrânia,-,,,,,,Próximo Jogo,20:00,CEST (UTC+2),15:00,https://en.volleyballworld.com/volleyball/competitions/volleyball-nations-league/schedule/
Masculino,Semana 3,Fase Preliminar,Pool 7 - Belgrado (SRB),Belgrado - Belgrade Arena,17/07/2026,Turquia,Ucrânia,-,,,,,,Próximo Jogo,16:30,CEST (UTC+2),11:30,https://en.volleyballworld.com/volleyball/competitions/volleyball-nations-league/schedule/
Masculino,Semana 3,Fase Preliminar,Pool 7 - Belgrado (SRB),Belgrado - Belgrade Arena,17/07/2026,Irã,Eslovênia,-,,,,,,Próximo Jogo,20:00,CEST (UTC+2),15:00,https://en.volleyballworld.com/volleyball/competitions/volleyball-nations-league/schedule/
Masculino,Semana 3,Fase Preliminar,Pool 7 - Belgrado (SRB),Belgrado - Belgrade Arena,18/07/2026,Turquia,Eslovênia,-,,,,,,Próximo Jogo,16:30,CEST (UTC+2),11:30,https://en.volleyballworld.com/volleyball/competitions/volleyball-nations-league/schedule/
Masculino,Semana 3,Fase Preliminar,Pool 7 - Belgrado (SRB),Belgrado - Belgrade Arena,18/07/2026,Sérvia,Alemanha,-,,,,,,Próximo Jogo,20:00,CEST (UTC+2),15:00,https://en.volleyballworld.com/volleyball/competitions/volleyball-nations-league/schedule/
Masculino,Semana 3,Fase Preliminar,Pool 7 - Belgrado (SRB),Belgrado - Belgrade Arena,19/07/2026,Turquia,Irã,-,,,,,,Próximo Jogo,13:00,CEST (UTC+2),08:00,https://en.volleyballworld.com/volleyball/competitions/volleyball-nations-league/schedule/
Masculino,Semana 3,Fase Preliminar,Pool 7 - Belgrado (SRB),Belgrado - Belgrade Arena,19/07/2026,Ucrânia,Alemanha,-,,,,,,Próximo Jogo,16:30,CEST (UTC+2),11:30,https://en.volleyballworld.com/volleyball/competitions/volleyball-nations-league/schedule/
Masculino,Semana 3,Fase Preliminar,Pool 7 - Belgrado (SRB),Belgrado - Belgrade Arena,19/07/2026,Sérvia,Eslovênia,-,,,,,,Próximo Jogo,20:00,CEST (UTC+2),15:00,https://en.volleyballworld.com/volleyball/competitions/volleyball-nations-league/schedule/
Masculino,Semana 3,Fase Preliminar,Pool 8 - Chicago (EUA),Chicago - Now Arena,15/07/2026,Bulgária,Polônia,-,,,,,,Próximo Jogo,12:00,CDT (UTC-5),14:00,https://en.volleyballworld.com/volleyball/competitions/volleyball-nations-league/schedule/
Masculino,Semana 3,Fase Preliminar,Pool 8 - Chicago (EUA),Chicago - Now Arena,15/07/2026,França,Brasil,-,,,,,,Próximo Jogo,16:00,CDT (UTC-5),18:00,https://en.volleyballworld.com/volleyball/competitions/volleyball-nations-league/schedule/
Masculino,Semana 3,Fase Preliminar,Pool 8 - Chicago (EUA),Chicago - Now Arena,15/07/2026,EUA,China,-,,,,,,Próximo Jogo,20:00,CDT (UTC-5),22:00,https://en.volleyballworld.com/volleyball/competitions/volleyball-nations-league/schedule/
Masculino,Semana 3,Fase Preliminar,Pool 8 - Chicago (EUA),Chicago - Now Arena,16/07/2026,China,França,-,,,,,,Próximo Jogo,16:00,CDT (UTC-5),18:00,https://en.volleyballworld.com/volleyball/competitions/volleyball-nations-league/schedule/
Masculino,Semana 3,Fase Preliminar,Pool 8 - Chicago (EUA),Chicago - Now Arena,16/07/2026,EUA,Brasil,-,,,,,,Próximo Jogo,20:00,CDT (UTC-5),22:00,https://en.volleyballworld.com/volleyball/competitions/volleyball-nations-league/schedule/
Masculino,Semana 3,Fase Preliminar,Pool 8 - Chicago (EUA),Chicago - Now Arena,17/07/2026,China,Bulgária,-,,,,,,Próximo Jogo,16:00,CDT (UTC-5),18:00,https://en.volleyballworld.com/volleyball/competitions/volleyball-nations-league/schedule/
Masculino,Semana 3,Fase Preliminar,Pool 8 - Chicago (EUA),Chicago - Now Arena,17/07/2026,Brasil,Polônia,-,,,,,,Próximo Jogo,20:00,CDT (UTC-5),22:00,https://en.volleyballworld.com/volleyball/competitions/volleyball-nations-league/schedule/
Masculino,Semana 3,Fase Preliminar,Pool 8 - Chicago (EUA),Chicago - Now Arena,18/07/2026,França,Polônia,-,,,,,,Próximo Jogo,16:00,CDT (UTC-5),18:00,https://en.volleyballworld.com/volleyball/competitions/volleyball-nations-league/schedule/
Masculino,Semana 3,Fase Preliminar,Pool 8 - Chicago (EUA),Chicago - Now Arena,18/07/2026,EUA,Bulgária,-,,,,,,Próximo Jogo,20:00,CDT (UTC-5),22:00,https://en.volleyballworld.com/volleyball/competitions/volleyball-nations-league/schedule/
Masculino,Semana 3,Fase Preliminar,Pool 8 - Chicago (EUA),Chicago - Now Arena,19/07/2026,China,Brasil,-,,,,,,Próximo Jogo,12:00,CDT (UTC-5),14:00,https://en.volleyballworld.com/volleyball/competitions/volleyball-nations-league/schedule/
Masculino,Semana 3,Fase Preliminar,Pool 8 - Chicago (EUA),Chicago - Now Arena,19/07/2026,Bulgária,França,-,,,,,,Próximo Jogo,16:00,CDT (UTC-5),18:00,https://en.volleyballworld.com/volleyball/competitions/volleyball-nations-league/schedule/
Masculino,Semana 3,Fase Preliminar,Pool 8 - Chicago (EUA),Chicago - Now Arena,19/07/2026,EUA,Polônia,-,,,,,,Próximo Jogo,20:00,CDT (UTC-5),22:00,https://en.volleyballworld.com/volleyball/competitions/volleyball-nations-league/schedule/
Masculino,Semana 3,Fase Preliminar,Pool 9 - Osaka (JPN),Osaka - Asue Arena Osaka,15/07/2026,Canadá,Argentina,-,,,,,,Próximo Jogo,12:00,JST (UTC+9),00:00,https://en.volleyballworld.com/volleyball/competitions/volleyball-nations-league/schedule/
Masculino,Semana 3,Fase Preliminar,Pool 9 - Osaka (JPN),Osaka - Asue Arena Osaka,15/07/2026,Bélgica,Cuba,-,,,,,,Próximo Jogo,15:30,JST (UTC+9),03:30,https://en.volleyballworld.com/volleyball/competitions/volleyball-nations-league/schedule/
Masculino,Semana 3,Fase Preliminar,Pool 9 - Osaka (JPN),Osaka - Asue Arena Osaka,15/07/2026,Japão,Itália,-,,,,,,Próximo Jogo,19:20,JST (UTC+9),07:20,https://en.volleyballworld.com/volleyball/competitions/volleyball-nations-league/schedule/
Masculino,Semana 3,Fase Preliminar,Pool 9 - Osaka (JPN),Osaka - Asue Arena Osaka,16/07/2026,Bélgica,Itália,-,,,,,,Próximo Jogo,15:30,JST (UTC+9),03:30,https://en.volleyballworld.com/volleyball/competitions/volleyball-nations-league/schedule/
Masculino,Semana 3,Fase Preliminar,Pool 9 - Osaka (JPN),Osaka - Asue Arena Osaka,16/07/2026,Japão,Canadá,-,,,,,,Próximo Jogo,19:20,JST (UTC+9),07:20,https://en.volleyballworld.com/volleyball/competitions/volleyball-nations-league/schedule/
Masculino,Semana 3,Fase Preliminar,Pool 9 - Osaka (JPN),Osaka - Asue Arena Osaka,17/07/2026,Cuba,Argentina,-,,,,,,Próximo Jogo,15:30,JST (UTC+9),03:30,https://en.volleyballworld.com/volleyball/competitions/volleyball-nations-league/schedule/
Masculino,Semana 3,Fase Preliminar,Pool 9 - Osaka (JPN),Osaka - Asue Arena Osaka,17/07/2026,Japão,Bélgica,-,,,,,,Próximo Jogo,19:20,JST (UTC+9),07:20,https://en.volleyballworld.com/volleyball/competitions/volleyball-nations-league/schedule/
Masculino,Semana 3,Fase Preliminar,Pool 9 - Osaka (JPN),Osaka - Asue Arena Osaka,18/07/2026,Canadá,Cuba,-,,,,,,Próximo Jogo,16:00,JST (UTC+9),04:00,https://en.volleyballworld.com/volleyball/competitions/volleyball-nations-league/schedule/
Masculino,Semana 3,Fase Preliminar,Pool 9 - Osaka (JPN),Osaka - Asue Arena Osaka,18/07/2026,Argentina,Itália,-,,,,,,Próximo Jogo,19:20,JST (UTC+9),07:20,https://en.volleyballworld.com/volleyball/competitions/volleyball-nations-league/schedule/
Masculino,Semana 3,Fase Preliminar,Pool 9 - Osaka (JPN),Osaka - Asue Arena Osaka,19/07/2026,Bélgica,Canadá,-,,,,,,Próximo Jogo,12:00,JST (UTC+9),00:00,https://en.volleyballworld.com/volleyball/competitions/volleyball-nations-league/schedule/
Masculino,Semana 3,Fase Preliminar,Pool 9 - Osaka (JPN),Osaka - Asue Arena Osaka,19/07/2026,Cuba,Itália,-,,,,,,Próximo Jogo,15:30,JST (UTC+9),03:30,https://en.volleyballworld.com/volleyball/competitions/volleyball-nations-league/schedule/
Masculino,Semana 3,Fase Preliminar,Pool 9 - Osaka (JPN),Osaka - Asue Arena Osaka,19/07/2026,Japão,Argentina,-,,,,,,Próximo Jogo,19:20,JST (UTC+9),07:20,https://en.volleyballworld.com/volleyball/competitions/volleyball-nations-league/schedule/
Masculino,Semana 4,Final (QF/SF/3º/Final),Final Round - Ningbo (CHN),Ningbo - Beilun Gymnasium,29/07/2026,QF1 (1º x 8º),TBD,-,,,,,,Próximo Jogo,,,,https://en.volleyballworld.com/volleyball/competitions/volleyball-nations-league/schedule/
Masculino,Semana 4,Final (QF/SF/3º/Final),Final Round - Ningbo (CHN),Ningbo - Beilun Gymnasium,29/07/2026,QF2 (2º x 7º),TBD,-,,,,,,Próximo Jogo,,,,https://en.volleyballworld.com/volleyball/competitions/volleyball-nations-league/schedule/
Masculino,Semana 4,Final (QF/SF/3º/Final),Final Round - Ningbo (CHN),Ningbo - Beilun Gymnasium,30/07/2026,QF3 (3º x 6º),TBD,-,,,,,,Próximo Jogo,,,,https://en.volleyballworld.com/volleyball/competitions/volleyball-nations-league/schedule/
Masculino,Semana 4,Final (QF/SF/3º/Final),Final Round - Ningbo (CHN),Ningbo - Beilun Gymnasium,30/07/2026,QF4 (4º x 5º),TBD,-,,,,,,Próximo Jogo,,,,https://en.volleyballworld.com/volleyball/competitions/volleyball-nations-league/schedule/
Masculino,Semana 4,Final (QF/SF/3º/Final),Final Round - Ningbo (CHN),Ningbo - Beilun Gymnasium,01/08/2026,SF1,TBD,-,,,,,,Próximo Jogo,,,,https://en.volleyballworld.com/volleyball/competitions/volleyball-nations-league/schedule/
Masculino,Semana 4,Final (QF/SF/3º/Final),Final Round - Ningbo (CHN),Ningbo - Beilun Gymnasium,01/08/2026,SF2,TBD,-,,,,,,Próximo Jogo,,,,https://en.volleyballworld.com/volleyball/competitions/volleyball-nations-league/schedule/
Masculino,Semana 4,Final (QF/SF/3º/Final),Final Round - Ningbo (CHN),Ningbo - Beilun Gymnasium,02/08/2026,Bronze,TBD,-,,,,,,Próximo Jogo,,,,https://en.volleyballworld.com/volleyball/competitions/volleyball-nations-league/schedule/
Masculino,Semana 4,Final (QF/SF/3º/Final),Final Round - Ningbo (CHN),Ningbo - Beilun Gymnasium,02/08/2026,Final (Ouro),TBD,-,,,,,,Próximo Jogo,,,,https://en.volleyballworld.com/volleyball/competitions/volleyball-nations-league/schedule/
